192.168.1.100,1,19900813115534,49900813115534,ann@org1.com,CEP
192.168.1.23,2,19900813115534,49900813115534,sam@org2.com,WSO2
192.168.1.240,3,19900813115534,49900813115534,jeff@wso2.com,Complex Event Processing
192.168.0.2,4,19900813115534,49900813115534,gayan@org5.com,ESB
10.8.0.1,5,19900813115534,49900813115534,lang@wso2.org,Open Source
10.0.1.75,6,19900813115534,49900813115534,manjula@org5.org,Middleware
10.8.8.23,7,19900813115534,49900813115534,john@org3.com,jaggery
10.8.1.224,8,19900813115534,49900813115534,chris@org1.com,MSFT
203.94.106.11,9,19900813115534,49900813115534,dennis@org7.com,Siddhi
203.94.10.15,10,19900813115534,49900813115534,mary@org2.com,siddhi query language
203.90.106.110,11,19900813115534,49900813115534,gavin@wso2.org,CEP performance numbers
203.93.106.23,12,19900813115534,49900813115534,oleg@org6.com,Complex Eventing
192.248.8.68,13,19900813115534,49900813115534,marvin@org4.com,IBM
116.24.5.63,14,19900813115534,49900813115534,naveen@wso2.com,WSO2Con
124.14.5.135,15,19900813115534,49900813115534,praveen@org2.org,WSO2 Roadmap
